insert into teacher(id, name) values (1, 'Roberto Canales')
insert into course(id, name, active, level, teacher_id) values (1, 'Metodologías ágiles', true, 1, 1)
insert into subject(id, name, course_id) values (1, 'Scrum', 1)
insert into subject(id, name, course_id) values (2, 'Kanban', 1)
insert into subject(id, name, course_id) values (3, 'Historias de usuario', 1)


insert into teacher(id, name) values (2, 'Rubén Aguilera Díaz-Heredero')
insert into course(id, name, active, level, teacher_id) values (2, 'Backup y Restore en GitLab', true, 1, 2)
insert into subject(id, name, course_id) values (4, 'Entorno', 2)
insert into subject(id, name, course_id) values (5, 'Introducción', 2)
insert into subject(id, name, course_id) values (6, 'Vamos al lío', 2)
insert into subject(id, name, course_id) values (7, 'Conclusiones', 2)
insert into course(id, name, active, level, teacher_id) values (3, 'Instalación de GitLab con HTTPS', true, 1, 2)
insert into subject(id, name, course_id) values (8, 'Entorno', 3)
insert into subject(id, name, course_id) values (9, 'Introducción', 3)
insert into subject(id, name, course_id) values (10, 'Vamos al lío', 3)
insert into subject(id, name, course_id) values (11, 'Conclusiones', 3)
insert into course(id, name, active, level, teacher_id) values (4, 'Kubernetes en AWS con Kops', true, 1, 2)
insert into subject(id, name, course_id) values (12, 'Entorno', 4)
insert into subject(id, name, course_id) values (13, 'Introducción', 4)
insert into subject(id, name, course_id) values (14, 'Vamos al lío', 4)
insert into subject(id, name, course_id) values (15, 'Conclusiones', 4)
insert into course(id, name, active, level, teacher_id) values (5, 'Test E2E en Angular con Cypress', true, 1, 2)
insert into subject(id, name, course_id) values (16, 'Entorno', 5)
insert into subject(id, name, course_id) values (17, 'Introducción', 5)
insert into subject(id, name, course_id) values (18, 'Vamos al lío', 5)
insert into subject(id, name, course_id) values (19, 'Conclusiones', 5)
